address,area,link,name,phone,services,website
,,https://www.yelp.com/search?find_desc=Dog&find_loc=Boston%2C%20MA&start=0,,,,
,Serving Natick and the Surrounding Area,https://www.yelp.com/adredir?ad_business_id=2xn7QDOM2B8wNJUmbvmafw&campaign_id=lhfoHZfxMbLQVXGUxKdroQ&click_origin=search_results&placement=above_search&redirect_url=https%3A%2F%2Fwww.yelp.com%2Fbiz%2Ftailsaway-pet-sitting-and-dog-walking-natick&request_id=159513d2cedd1859&signature=c2f17118aa601ddde6daee2876a52b66615e818ce831b19003f70810dbdee8da&slot=0,TailsAway Pet Sitting and Dog Walking,(508) 271-5024,Reiki,
,,https://www.yelp.com/search?find_desc=Dog&find_loc=Boston%2C%20MA&start=0,,,,
,,https://www.yelp.com/search?find_desc=Dog&find_loc=Boston%2C%20MA&start=0,,,,
,256 Shawmut Ave,https://www.yelp.com/biz/polkadog-bakery-boston?osq=Dog,Polkadog Bakery,(617) 338-5155,Pet Stores,
,217 Newbury St,https://www.yelp.com/biz/the-fish-and-bone-boston-2?osq=Dog,The Fish & Bone,(857) 753-4176,Pet Stores,
,Serving Boston and the Surrounding Area,https://www.yelp.com/biz/the-dog-port-boston?osq=Dog,The Dog Port,(617) 569-7678,Pet Groomers,
,31 Gloucester St,https://www.yelp.com/biz/pawsh-dog-boutique-and-salon-boston?osq=Dog,Pawsh Dog Boutique & Salon,(617) 391-0880,Pet Stores,
,57 Salem St,https://www.yelp.com/biz/polkadog-bakery-boston-2?osq=Dog,Polkadog Bakery,(857) 310-5184,Pet Stores,
,Serving Boston and the Surrounding Area,https://www.yelp.com/biz/the-pooped-pooch-boston?osq=Dog,The Pooped Pooch,(617) 322-3183,Dog Walkers,
,10 Chandler St,https://www.yelp.com/biz/animal-rescue-league-of-boston-boston-2?osq=Dog,Animal Rescue League of Boston,(617) 426-9170,Animal Shelters,
,298 Columbus Ave,https://www.yelp.com/biz/dog-eat-cake-boston?osq=Dog,Dog Eat Cake,(617) 678-7000,Pet Stores,
,617 E Broadway,https://www.yelp.com/biz/byod-dog-wash-south-boston-3?osq=Dog,BYOD Dog Wash,(617) 765-4800,Pet Groomers,
,Serving Boston and the Surrounding Area,https://www.yelp.com/biz/one-dog-at-a-time-boston?osq=Dog,One Dog At A Time,(617) 800-4668,Dog Walkers,
